pl_name,hostname,sy_snum,sy_pnum,pl_orbper,pl_orbsmax,pl_rade,pl_bmasse,pl_orbeccen,pl_eqt,st_spectype,st_teff,st_rad,st_mass,sy_dist,sy_vmag
16 Cyg B b,16 Cyg B,3,1,798.50000000000,1.6600000000,13.50000000,565.73740000,0.680000,,G3 V,5750.00,1.130000,1.080000,21.13970000,6.2150000
51 Eri b,51 Eri,3,1,9100.00000000000,10.4000000000,,3464.32963630,0.570000,807.00,F0 IV,7422.00,1.450000,1.750000,29.75750000,5.2114900
91 Aqr b,91 Aqr,3,1,181.40000000000,0.7000000000,13.10000000,1017.00000000,0.027000,,K0 III,4665.00,11.000000,1.400000,44.03040000,4.2394600
BD-14 3065 b,BD-14 3065 A,3,1,4.28897310000,0.0656000000,21.59000000,3932.00000000,0.066000,2001.00,,6935.00,2.350000,1.410000,589.42300000,11.1000000
Gliese 229 A c,Gliese 229,3,2,121.93268000000,0.3840000000,2.87000000,8.58136699,0.366000,,M1.5V,3564.00,0.460000,0.509000,5.75624000,8.1500000
Gliese 229 b,Gliese 229,3,2,579.47495000000,1.0860000000,3.97000000,14.93793513,0.404000,,M1.5V,3564.00,0.460000,0.509000,5.75624000,8.1500000
Gliese 667 C b,Gliese 667 C,3,5,7.20300000000,0.0504310000,2.25000000,5.68000000,0.200000,,M1.5 V,3350.00,,0.330000,7.24396000,10.6020000
Gliese 667 C c,Gliese 667 C,3,5,28.14000000000,0.1250000000,1.77000000,3.80000000,0.020000,,M1.5 V,3350.00,,0.330000,7.24396000,10.6020000
Gliese 667 C e,Gliese 667 C,3,5,62.24000000000,0.2130000000,1.45000000,2.70000000,0.020000,,M1.5 V,3350.00,,0.330000,7.24396000,10.6020000
Gliese 667 C f,Gliese 667 C,3,5,39.02600000000,0.1560000000,1.45000000,2.70000000,0.030000,,M1.5 V,3350.00,,0.330000,7.24396000,10.6020000
Gliese 667 C g,Gliese 667 C,3,5,256.20000000000,0.5490000000,1.99000000,4.60000000,0.080000,,M1.5 V,3350.00,,0.330000,7.24396000,10.6020000
Gliese 900 b,Gliese 900 A,3,1,,12000.0000000000,12.40000000,3496.11247700,,,K7,3976.00,0.716187,1.080000,20.80650000,9.5900000
HAT-P-16 b,HAT-P-16,3,1,2.77596727000,0.0413000000,14.68376472,1341.56043000,0.046200,1566.00,F8,6140.00,1.158000,1.218000,226.63700000,10.9110000
HAT-P-35 b,HAT-P-35,3,1,3.64670600000,0.0497800000,14.93038800,335.62848000,0.020000,1581.00,,6096.00,1.435000,1.236000,506.96500000,12.3890000
HAT-P-57 b,HAT-P-57,3,1,2.46530000000,0.0406000000,19.50366000,448.14030000,0.000000,2200.00,A8 V,6330.00,1.850000,2.770000,279.86000000,10.6390000
HAT-P-7 b,HAT-P-7,3,1,2.20474000000,0.0380900000,16.92559000,584.80720000,0.000000,2733.00,F6 V,6389.00,2.000000,1.560000,341.07900000,10.4810000
HAT-P-8 b,HAT-P-8,3,1,3.07634000000,0.0449600000,15.69260000,406.82240000,0.000000,1713.00,F6,6200.00,1.570000,1.270000,211.55300000,10.3580000
HD 110067 b,HD 110067,3,6,9.11367800000,0.0793000000,2.20000000,5.69000000,,800.00,K0.0 V,5266.00,0.788000,0.798000,32.15850000,8.4190000
HD 110067 c,HD 110067,3,6,13.67369400000,0.1039000000,2.38800000,6.30000000,,699.00,K0.0 V,5266.00,0.788000,0.798000,32.15850000,8.4190000
HD 110067 d,HD 110067,3,6,20.51961700000,0.1362000000,2.85200000,8.52000000,,602.00,K0.0 V,5266.00,0.788000,0.798000,32.15850000,8.4190000
HD 110067 e,HD 110067,3,6,30.79309100000,0.1785000000,1.94000000,3.90000000,,533.00,K0.0 V,5266.00,0.788000,0.798000,32.15850000,8.4190000
HD 110067 f,HD 110067,3,6,41.05854000000,0.2163000000,2.60100000,5.04000000,,489.00,K0.0 V,5266.00,0.788000,0.798000,32.15850000,8.4190000
HD 110067 g,HD 110067,3,6,54.76992000000,0.2621000000,2.60700000,8.40000000,,440.00,K0.0 V,5266.00,0.788000,0.798000,32.15850000,8.4190000
HD 113337 b,HD 113337,3,2,317.58639000000,1.0220000000,13.10000000,1035.80277841,0.280000,,F6 V,6774.00,1.500000,1.410000,36.18000000,6.0207800
HD 113337 c,HD 113337,3,2,5429.93477000000,6.8050000000,12.10000000,6299.67685515,0.164000,,F6 V,6774.00,1.500000,1.410000,36.18000000,6.0207800
HD 126614 b,HD 126614,3,1,1257.25303000000,2.2490000000,12.70000000,107.74382997,0.548000,,G8 IV,5568.00,1.369794,0.960000,73.09610000,8.8100000
HD 132563 b,HD 132563,3,1,1544.00000000000,2.6200000000,13.60000000,473.54700000,0.220000,,F8,6289.00,1.295770,1.231000,105.15500000,8.9280010
HD 142245 b,HD 142245,3,1,1299.00000000000,2.7800000000,13.10000000,975.73810000,0.000000,,K0,4922.00,4.630000,3.500000,97.23050000,7.4600000
HD 178911 B b,HD 178911 B,3,1,71.48400000000,0.3400000000,12.60000000,2552.17490000,0.110000,,G5,5588.00,1.080000,1.240000,40.97270000,7.9700000
HD 185269 b,HD 185269,3,1,6.83776000000,0.0770000000,13.80000000,321.00830000,0.229000,,G0 IV,5923.00,2.000000,1.300000,51.99170000,6.6797300
HD 196050 b,HD 196050,3,1,1392.00000000000,2.6500000000,12.90000000,1493.79351290,0.200000,,G3 V,5879.00,1.420000,1.270000,50.67420000,7.5000000
HD 19994 b,HD 19994,3,1,466.20000000000,1.3050000000,13.60000000,435.41000000,0.063000,,F8 V,6188.00,1.796470,1.365000,22.52420000,5.0634500
HD 207832 b,HD 207832,3,2,160.07000000000,0.5860000000,14.20000000,177.98480000,0.197000,,G5 V,5726.00,0.890000,1.050000,58.92910000,8.7800000
HD 207832 c,HD 207832,3,2,1155.70000000000,2.1120000000,14.00000000,232.01590000,0.270000,,G5 V,5710.00,0.901000,0.940000,58.92910000,8.7800000
HD 2638 b,HD 2638,3,1,3.44420000000,0.0400000000,14.30000000,133.48860000,0.000000,,K1 V,5186.00,0.940000,0.770000,54.96210000,9.4400000
HD 40979 b,HD 40979,3,1,264.14999000000,0.8500000000,12.90000000,1484.26610000,0.250000,,F8 V,6165.00,1.210000,1.450000,34.08830000,6.7551200
HD 4113 b,HD 4113,3,1,526.52390000000,1.2800000000,13.50000000,541.26177712,0.899000,,G5 V,5688.00,1.077514,1.008000,41.87270000,7.8800000
HD 43691 b,HD 43691,3,1,36.99870000000,0.2380000000,13.20000000,810.46650000,0.079600,,G0,6093.00,1.600000,1.320000,85.60090000,8.0300000
HD 65216 b,HD 65216,3,2,577.60000000000,1.3010000000,13.60000000,411.58985000,0.270000,,G5 V,5612.00,0.880000,0.874000,35.12050000,7.9700000
HD 65216 c,HD 65216,3,2,5370.00000000000,5.7500000000,13.40000000,645.19490000,0.170000,,G5 V,5612.00,0.880000,0.874000,35.12050000,7.9700000
HD 87646 b,HD 87646,3,1,13.48100000000,0.1170000000,12.40000000,3941.09200000,0.050000,,G,5770.00,1.550000,1.120000,73.58352000,8.0700000
HIP 81208 C b,HIP 81208 C,3,1,104100.00000000000,23.0400000000,12.30000000,4703.86042360,,2050.00,M,,,0.135000,147.53300000,
K2-27 b,K2-27,3,1,6.77134700000,0.0670200000,4.74000000,30.20000000,0.251000,836.00,,5246.00,0.876000,0.880000,249.64500000,12.6890000
K2-290 b,K2-290,3,2,9.21165000000,0.0923000000,3.06000000,10.90000000,0.000000,1230.00,,6302.00,1.511000,1.194000,272.90900000,11.1140000
K2-290 c,K2-290,3,2,48.36685000000,0.3050000000,11.27625400,246.00042000,0.000000,676.00,,6302.00,1.511000,1.194000,272.90900000,11.1140000
KELT-4 A b,KELT-4 A,3,1,2.98959320000,0.0431700000,19.04409100,286.68266000,0.000000,1823.00,F,6206.00,1.603000,1.201000,218.05000000,9.9800000
KOI-13 b,KOI-13,3,1,1.76358800000,0.0364100000,16.94800800,2949.46240000,0.000640,2550.00,,7650.00,1.740000,1.720000,519.09600000,9.7910000
Kepler-444 b,Kepler-444,3,5,3.60010530000,0.0417800000,0.40300000,0.03740000,0.160000,938.00,K,5046.00,0.752000,0.758000,36.43960000,8.8700000
Kepler-444 c,Kepler-444,3,5,4.54588410000,0.0488100000,0.49700000,0.07930000,0.310000,868.00,K,5046.00,0.752000,0.758000,36.43960000,8.8700000
Kepler-444 d,Kepler-444,3,5,6.18939200000,0.0600000000,0.53000000,0.20000000,0.180000,783.00,K,5046.00,0.752000,0.758000,36.43960000,8.8700000
Kepler-444 e,Kepler-444,3,5,7.74349300000,0.0696000000,0.54600000,0.10000000,0.100000,727.00,K,5046.00,0.752000,0.758000,36.43960000,8.8700000
Kepler-444 f,Kepler-444,3,5,9.74048600000,0.0811000000,0.74100000,0.33200000,0.290000,673.00,K,5046.00,0.752000,0.758000,36.43960000,8.8700000
Kepler-908 b,Kepler-908,3,1,1.34059746800,0.0252600000,1.22000000,1.98000000,0.000000,1783.00,,5973.00,1.120000,1.110000,290.84300000,11.6070000
LTT 1445 A b,LTT 1445 A,3,2,5.35876350000,0.0381000000,1.34000000,2.73000000,0.180000,431.00,M3.0,3562.00,0.271000,0.257000,6.86929000,10.5900000
LTT 1445 A c,LTT 1445 A,3,2,3.12390350000,0.0266100000,1.14700000,1.54000000,0.223000,508.00,M3.0,3340.00,0.265000,0.257000,6.86929000,10.5900000
Proxima Cen b,Proxima Cen,3,2,11.18465000000,0.0484800000,1.02000000,1.05500000,0.000000,218.00,M5.5 V,2900.00,0.141000,0.122100,1.30119000,11.0100000
Proxima Cen d,Proxima Cen,3,2,5.12338000000,0.0288100000,0.69200000,0.26000000,0.000000,282.00,M5.5 V,2900.00,0.141000,0.122100,1.30119000,11.0100000
TOI-2152 A b,TOI-2152,3,1,3.37735120000,0.0506400000,14.35870428,899.45439181,0.057000,1802.00,F4 V,6630.00,1.612000,1.516000,303.00600000,11.4360000
TOI-3523 A b,TOI-3523 A,3,1,2.30458952000,0.0355900000,15.97279750,435.42491759,0.047000,1984.00,,6450.00,1.448000,1.131000,645.29400000,12.5600000
TOI-4336 A b,TOI-4336 A,3,2,16.33635100000,0.0849000000,2.13700000,3.33000000,0.000000,309.40,M3.5 V,3307.00,0.326000,0.306000,22.54550000,13.6000000
TOI-4336 A c,TOI-4336 A,3,2,7.58726600000,0.0509200000,1.25100000,1.55000000,0.000000,399.50,M3.5 V,3307.00,0.326000,0.306000,22.54550000,13.6000000
V1298 Tau b,V1298 Tau,3,4,24.14000600000,0.1685000000,9.41000000,13.10000000,0.007900,666.00,K1,4970.00,1.320000,1.100000,108.19900000,10.1150000
V1298 Tau c,V1298 Tau,3,4,8.24916400000,0.0824000000,5.08000000,4.70000000,0.009400,953.00,K1,4970.00,1.320000,1.100000,108.19900000,10.1150000
V1298 Tau d,V1298 Tau,3,4,12.40139400000,0.1081000000,6.53000000,6.00000000,0.008700,831.00,K1,4970.00,1.320000,1.100000,108.19900000,10.1150000
V1298 Tau e,V1298 Tau,3,4,48.67771400000,0.2689000000,10.17000000,15.30000000,0.012400,527.00,K1,4970.00,1.320000,1.100000,108.19900000,10.1150000
WASP-11 b,WASP-11,3,1,3.72247000000,0.0435000000,12.44199000,251.08570000,0.000000,992.00,K3 V,4800.00,0.890000,1.420000,124.73000000,11.5670000
WASP-12 b,WASP-12,3,1,1.09141890100,0.0234000000,22.02564708,467.21010000,0.044700,2601.00,,6265.00,1.690000,1.325000,427.24600000,11.5690000
WASP-14 b,WASP-14,3,1,2.24375000000,0.0370000000,15.46842000,2809.61720000,0.090000,1872.00,,6475.00,1.400000,1.620000,161.99700000,9.7450000
WASP-24 b,WASP-24,3,1,2.34121000000,0.0365100000,15.46842000,394.10920000,0.000000,1772.00,,6075.00,1.420000,1.430000,322.11400000,11.2190000
WASP-3 b,WASP-3,3,1,1.84683000000,0.0315000000,15.91678000,772.32690000,0.000000,2020.00,,6400.00,1.440000,1.620000,231.16100000,10.6320000
WD 1856+534 b,WD 1856+534,3,1,1.40794050000,0.0204000000,10.40000000,4386.05400000,0.000000,163.00,DC,4710.00,0.013100,0.518000,24.73590000,17.2440000
eps Ind A b,eps Ind A,3,1,16510.00000000000,28.4000000000,12.70000000,2005.49724817,0.400000,275.00,K5 V,4760.00,0.679000,0.760000,3.63857000,4.6900000
psi1 Dra B b,psi1 Dra B,3,1,3117.00000000000,4.4300000000,13.50000000,486.27990000,0.400000,,G0 V,6212.00,1.255735,1.190000,22.71880000,5.8080000
